{
  "label_col": "crrt_within_48h",
  "group_col": "record_id",
  "decision_threshold": 0.4,
  "scale_pos_weight": 6.0,
  "rows": 200,
  "train_rows": 140,
  "val_rows": 20,
  "test_rows": 40,
  "val_accuracy": 0.8,
  "test_accuracy": 0.8,
  "val_sensitivity": 0.5,
  "test_sensitivity": 0.14285714285714285,
  "val_precision": 0.75,
  "test_precision": 0.3333333333333333,
  "val_f1": 0.6,
  "test_f1": 0.2,
  "val_roc_auc": 0.9047619047619047,
  "test_roc_auc": 0.7835497835497836,
  "val_pr_auc": 0.8555555555555555,
  "test_pr_auc": 0.39160751257024545,
  "val_tp": 3,
  "val_fp": 1,
  "val_tn": 13,
  "val_fn": 3,
  "test_tp": 1,
  "test_fp": 2,
  "test_tn": 31,
  "test_fn": 6
}