{
  "label_col": "crrt_within_48h",
  "group_col": "record_id",
  "decision_threshold": 0.4,
  "scale_pos_weight": 6.0,
  "rows": 200,
  "train_rows": 140,
  "val_rows": 20,
  "test_rows": 40,
  "val_accuracy": 0.85,
  "test_accuracy": 0.825,
  "val_sensitivity": 0.8333333333333334,
  "test_sensitivity": 0.2857142857142857,
  "val_precision": 0.7142857142857143,
  "test_precision": 0.5,
  "val_f1": 0.7692307692307693,
  "test_f1": 0.36363636363636365,
  "val_roc_auc": 0.8928571428571429,
  "test_roc_auc": 0.7835497835497836,
  "val_pr_auc": 0.8999999999999999,
  "test_pr_auc": 0.39693877551020407,
  "val_tp": 5,
  "val_fp": 2,
  "val_tn": 12,
  "val_fn": 1,
  "test_tp": 2,
  "test_fp": 2,
  "test_tn": 31,
  "test_fn": 5
}